{
    "rule_based": {
        "simple": {
            "simple": {
                "discrete": {
                    "avg_passengers_completed": 364.8,
                    "avg_wait_time": 11.164195119468374,
                    "avg_journey_time": 15.748571813307697
                }
            },
            "complex": {
                "discrete": {
                    "avg_passengers_completed": 341.4,
                    "avg_wait_time": 10.896182587556623,
                    "avg_journey_time": 15.194308437041698
                }
            }
        },
        "detailed": {
            "simple": {
                "discrete": {
                    "avg_passengers_completed": 361.8,
                    "avg_wait_time": 10.948987527128107,
                    "avg_journey_time": 15.530885523016096
                }
            },
            "complex": {
                "discrete": {
                    "avg_passengers_completed": 389.6,
                    "avg_wait_time": 11.197459736871977,
                    "avg_journey_time": 15.904165480571503
                }
            }
        }
    },
    "PPO": {
        "simple": {
            "simple": {
                "discrete": {
                    "avg_passengers_completed": 344.4,
                    "avg_wait_time": 11.747756694025032,
                    "avg_journey_time": 18.163258185734495
                },
                "continuous": {
                    "avg_passengers_completed": 345.2,
                    "avg_wait_time": 11.424242917283483,
                    "avg_journey_time": 18.052317191606384
                }
            },
            "complex": {
                "discrete": {
                    "avg_passengers_completed": 379.2,
                    "avg_wait_time": 11.87498190140669,
                    "avg_journey_time": 18.25840904647314
                },
                "continuous": {
                    "avg_passengers_completed": 378.8,
                    "avg_wait_time": 11.983807481031121,
                    "avg_journey_time": 18.592626489027133
                }
            }
        },
        "detailed": {
            "simple": {
                "discrete": {
                    "avg_passengers_completed": 373.6,
                    "avg_wait_time": 11.546214271410415,
                    "avg_journey_time": 17.594692453384845
                },
                "continuous": {
                    "avg_passengers_completed": 355.6,
                    "avg_wait_time": 11.650198867778744,
                    "avg_journey_time": 18.068370000947972
                }
            },
            "complex": {
                "discrete": {
                    "avg_passengers_completed": 350.4,
                    "avg_wait_time": 11.37296137184012,
                    "avg_journey_time": 16.851806997820315
                },
                "continuous": {
                    "avg_passengers_completed": 365.4,
                    "avg_wait_time": 11.714140833396778,
                    "avg_journey_time": 18.106606270342304
                }
            }
        }
    },
    "A2C": {
        "simple": {
            "simple": {
                "discrete": {
                    "avg_passengers_completed": 370.0,
                    "avg_wait_time": 11.62828861969082,
                    "avg_journey_time": 16.83338342579341
                },
                "continuous": {
                    "avg_passengers_completed": 365.4,
                    "avg_wait_time": 11.392929137629583,
                    "avg_journey_time": 16.437764382541847
                }
            },
            "complex": {
                "discrete": {
                    "avg_passengers_completed": 346.6,
                    "avg_wait_time": 11.69191778434284,
                    "avg_journey_time": 17.927411802159504
                },
                "continuous": {
                    "avg_passengers_completed": 362.4,
                    "avg_wait_time": 11.732720351657282,
                    "avg_journey_time": 17.775747485928907
                }
            }
        },
        "detailed": {
            "simple": {
                "discrete": {
                    "avg_passengers_completed": 374.2,
                    "avg_wait_time": 11.339142555876784,
                    "avg_journey_time": 16.344166022262662
                },
                "continuous": {
                    "avg_passengers_completed": 369.8,
                    "avg_wait_time": 11.714766687292164,
                    "avg_journey_time": 17.720500793952652
                }
            },
            "complex": {
                "discrete": {
                    "avg_passengers_completed": 359.4,
                    "avg_wait_time": 11.698401384659453,
                    "avg_journey_time": 17.18276293049835
                },
                "continuous": {
                    "avg_passengers_completed": 361.8,
                    "avg_wait_time": 11.479765499105676,
                    "avg_journey_time": 16.52625491976349
                }
            }
        }
    },
    "DQN": {
        "simple": {
            "simple": {
                "discrete": {
                    "avg_passengers_completed": 354.6,
                    "avg_wait_time": 11.26812799529713,
                    "avg_journey_time": 15.733882471907041
                }
            },
            "complex": {
                "discrete": {
                    "avg_passengers_completed": 358.0,
                    "avg_wait_time": 11.797497957070647,
                    "avg_journey_time": 18.418500163494194
                }
            }
        },
        "detailed": {
            "simple": {
                "discrete": {
                    "avg_passengers_completed": 350.2,
                    "avg_wait_time": 11.23038799565402,
                    "avg_journey_time": 15.694786711408506
                }
            },
            "complex": {
                "discrete": {
                    "avg_passengers_completed": 359.8,
                    "avg_wait_time": 11.779402012636362,
                    "avg_journey_time": 18.381197773561542
                }
            }
        }
    },
    "SAC": {
        "simple": {
            "simple": {
                "continuous": {
                    "avg_passengers_completed": 346.2,
                    "avg_wait_time": 11.615564752841134,
                    "avg_journey_time": 18.166275919283695
                }
            },
            "complex": {
                "continuous": {
                    "avg_passengers_completed": 362.0,
                    "avg_wait_time": 11.725216022259673,
                    "avg_journey_time": 18.20459263549063
                }
            }
        },
        "detailed": {
            "simple": {
                "continuous": {
                    "avg_passengers_completed": 349.8,
                    "avg_wait_time": 11.629028137704386,
                    "avg_journey_time": 18.02009440433699
                }
            },
            "complex": {
                "continuous": {
                    "avg_passengers_completed": 362.2,
                    "avg_wait_time": 11.669791850860921,
                    "avg_journey_time": 18.15205440572803
                }
            }
        }
    },
    "TD3": {
        "simple": {
            "simple": {
                "continuous": {
                    "avg_passengers_completed": 353.0,
                    "avg_wait_time": 11.220830105943183,
                    "avg_journey_time": 17.002674398316792
                }
            },
            "complex": {
                "continuous": {
                    "avg_passengers_completed": 356.4,
                    "avg_wait_time": 11.39313369359191,
                    "avg_journey_time": 17.718512156237285
                }
            }
        },